TEAM,matches_played,goals_scored,goals_conceded,clean_sheets,wins,draws,losses,goals_per_game,goals_conceded_per_game,goal_diff_per_game,cleansheet_pct,win_rate,wc_appearances,recent_win_rate,wc2022_stage,composite_score,rank
Spain,344,782,258,168,229,68,47,2.2732558139534884,0.75,1.5232558139534884,0.4883720930232558,0.6656976744186046,12,0.6976744186046512,2.0,0.8310369784668502,1
France,333,626,261,157,202,79,52,1.87987987987988,0.7837837837837838,1.0960960960960962,0.47147147147147145,0.6066066066066066,10,0.6046511627906976,6.0,0.7920559904952762,2
England,351,694,223,199,206,92,53,1.9772079772079771,0.6353276353276354,1.3418803418803418,0.5669515669515669,0.5868945868945868,10,0.625,3.0,0.7907234242128817,3
Argentina,346,563,300,148,189,92,65,1.6271676300578035,0.8670520231213873,0.7601156069364162,0.4277456647398844,0.546242774566474,12,0.6944444444444444,7.0,0.7694646295012094,4
Netherlands,331,725,265,160,208,64,59,2.190332326283988,0.8006042296072508,1.3897280966767371,0.48338368580060426,0.6283987915407855,8,0.5813953488372093,3.0,0.7607264577258749,5
Australia,269,673,217,128,160,53,56,2.5018587360594795,0.8066914498141264,1.695167286245353,0.4758364312267658,0.5947955390334573,5,0.6176470588235294,2.0,0.7507400015833233,6
Brazil,361,707,271,177,217,87,57,1.9584487534626038,0.7506925207756233,1.2077562326869806,0.4903047091412742,0.6011080332409973,12,0.46875,3.0,0.736945845949842,7
Portugal,325,633,263,158,192,73,60,1.9476923076923076,0.8092307692307692,1.1384615384615384,0.48615384615384616,0.5907692307692308,7,0.6818181818181818,3.0,0.7256163329024312,8
South Korea,445,880,343,227,252,115,78,1.9775280898876404,0.7707865168539326,1.2067415730337079,0.5101123595505618,0.5662921348314607,10,0.5757575757575758,2.0,0.7179660117509457,9
Iran,331,702,231,178,198,82,51,2.120845921450151,0.6978851963746223,1.4229607250755287,0.5377643504531722,0.5981873111782477,6,0.6470588235294118,0.0,0.7025977059956925,10
Germany,345,795,318,143,221,72,52,2.3043478260869565,0.9217391304347826,1.382608695652174,0.4144927536231884,0.6405797101449275,12,0.5,0.0,0.6982926344554405,11
Japan,436,851,376,205,241,93,102,1.951834862385321,0.8623853211009175,1.0894495412844036,0.4701834862385321,0.5527522935779816,7,0.6923076923076923,2.0,0.6837258980835955,12
Morocco,317,472,217,170,162,90,65,1.4889589905362777,0.6845425867507886,0.804416403785489,0.5362776025236593,0.5110410094637224,5,0.7021276595744681,4.0,0.6702767477003884,13
Croatia,250,434,232,107,135,65,50,1.736,0.928,0.808,0.428,0.54,6,0.5227272727272727,5.0,0.6444341122178509,14
Mexico,391,744,359,173,219,86,86,1.9028132992327367,0.9181585677749361,0.9846547314578005,0.4424552429667519,0.5601023017902813,10,0.631578947368421,0.0,0.6346229111381503,15
United States,350,608,330,152,193,65,92,1.737142857142857,0.9428571428571428,0.7942857142857143,0.4342857142857143,0.5514285714285714,8,0.5384615384615384,2.0,0.6069808639928225,16
Italy,342,560,271,158,193,100,49,1.6374269005847952,0.7923976608187134,0.8450292397660819,0.4619883040935672,0.564327485380117,10,0.5,0.0,0.5871639369025847,17
New Zealand,176,357,184,82,92,30,54,2.028409090909091,1.0454545454545454,0.9829545454545454,0.4659090909090909,0.5227272727272727,2,0.6818181818181818,0.0,0.5779757593593327,18
Senegal,348,517,263,169,178,98,72,1.485632183908046,0.7557471264367817,0.7298850574712644,0.48563218390804597,0.5114942528735632,3,0.6382978723404256,2.0,0.5689000253867261,19
Nigeria,336,525,251,167,182,88,66,1.5625,0.7470238095238095,0.8154761904761905,0.49702380952380953,0.5416666666666666,6,0.5813953488372093,0.0,0.5676856249477431,20
Belgium,308,581,310,124,167,64,77,1.8863636363636365,1.0064935064935066,0.8798701298701299,0.4025974025974026,0.5422077922077922,9,0.4864864864864865,0.0,0.5628798553851566,21
Ivory Coast,311,527,271,145,162,88,61,1.6945337620578778,0.8713826366559485,0.8231511254019293,0.4662379421221865,0.5209003215434084,3,0.631578947368421,0.0,0.5410508803174803,22
Cameroon,365,545,305,170,189,106,70,1.4931506849315068,0.8356164383561644,0.6575342465753424,0.4657534246575342,0.5178082191780822,8,0.5128205128205128,0.0,0.5333304824371216,23
Saudi Arabia,424,707,399,194,222,95,107,1.6674528301886793,0.9410377358490566,0.7264150943396226,0.45754716981132076,0.5235849056603774,6,0.4444444444444444,0.0,0.5161038929949539,24
Algeria,327,537,309,134,164,86,77,1.6422018348623852,0.944954128440367,0.6972477064220184,0.40978593272171254,0.5015290519877675,4,0.6410256410256411,0.0,0.5092038899806234,25
Denmark,324,560,305,134,168,82,74,1.728395061728395,0.941358024691358,0.7870370370370371,0.41358024691358025,0.5185185185185185,6,0.4594594594594595,0.0,0.5086410894430364,26
Egypt,362,574,286,170,189,95,78,1.5856353591160222,0.7900552486187845,0.7955801104972375,0.4696132596685083,0.5220994475138122,2,0.5531914893617021,0.0,0.5076089130216909,27
Romania,300,498,281,124,149,80,71,1.66,0.9366666666666666,0.7233333333333334,0.41333333333333333,0.49666666666666665,3,0.5294117647058824,0.0,0.47938538226863653,28
Tunisia,316,456,274,133,148,87,81,1.4430379746835442,0.8670886075949367,0.5759493670886076,0.4208860759493671,0.46835443037974683,6,0.5227272727272727,0.0,0.4728435561319186,29
Sweden,320,535,308,131,160,70,90,1.671875,0.9625,0.709375,0.409375,0.5,6,0.35714285714285715,0.0,0.4689939713018003,30
Iraq,366,614,332,145,182,95,89,1.6775956284153006,0.907103825136612,0.7704918032786885,0.39617486338797814,0.4972677595628415,1,0.5652173913043478,0.0,0.46702872673946577,31
Czech Republic,230,399,220,97,127,40,63,1.7347826086956522,0.9565217391304348,0.7782608695652173,0.4217391304347826,0.5521739130434783,1,0.40625,0.0,0.46593185798041625,32
Poland,283,458,331,101,129,68,86,1.6183745583038869,1.1696113074204948,0.44876325088339225,0.3568904593639576,0.4558303886925795,7,0.3684210526315789,2.0,0.46289324398506865,33
Switzerland,277,442,308,102,122,81,74,1.595667870036101,1.111913357400722,0.48375451263537905,0.36823104693140796,0.4404332129963899,6,0.40540540540540543,2.0,0.4625848223161155,34
China PR,375,713,337,170,190,82,103,1.9013333333333333,0.8986666666666666,1.0026666666666666,0.4533333333333333,0.5066666666666667,1,0.23076923076923078,0.0,0.4553684518798359,35
Costa Rica,350,540,374,127,161,87,102,1.542857142857143,1.0685714285714285,0.4742857142857143,0.3628571428571429,0.46,6,0.5263157894736842,0.0,0.44558282707555263,36
Ghana,329,474,276,145,167,82,80,1.4407294832826747,0.8389057750759878,0.601823708206687,0.44072948328267475,0.5075987841945289,4,0.3611111111111111,0.0,0.4430704712402632,37
Greece,279,363,289,120,134,58,87,1.3010752688172043,1.03584229390681,0.26523297491039427,0.43010752688172044,0.48028673835125446,3,0.6,0.0,0.4353583670578061,38
Serbia,212,357,227,76,100,59,53,1.6839622641509433,1.070754716981132,0.6132075471698113,0.3584905660377358,0.4716981132075472,5,0.3888888888888889,0.0,0.4296837735805621,39
Uruguay,325,447,333,128,142,93,90,1.3753846153846154,1.0246153846153847,0.3507692307692308,0.39384615384615385,0.4369230769230769,7,0.4838709677419355,0.0,0.4296579795989854,40
Norway,275,420,296,97,121,66,88,1.5272727272727273,1.0763636363636364,0.4509090909090909,0.3527272727272727,0.44,2,0.6428571428571429,0.0,0.42049817184469374,41
South Africa,281,375,249,122,127,92,62,1.3345195729537367,0.8861209964412812,0.4483985765124555,0.43416370106761565,0.45195729537366547,3,0.46153846153846156,0.0,0.4150843271810359,42
Colombia,308,379,283,140,130,88,90,1.2305194805194806,0.9188311688311688,0.3116883116883117,0.45454545454545453,0.42207792207792205,5,0.4642857142857143,0.0,0.4144484719333131,43
Scotland,306,412,327,119,137,72,97,1.34640522875817,1.0686274509803921,0.2777777777777778,0.3888888888888889,0.4477124183006536,5,0.5,0.0,0.4086615258304554,44
Austria,264,424,327,88,121,50,93,1.606060606060606,1.2386363636363635,0.36742424242424243,0.3333333333333333,0.4583333333333333,4,0.5142857142857142,0.0,0.4077855654371408,45
Canada,231,349,259,94,102,58,71,1.5108225108225108,1.121212121212121,0.38961038961038963,0.4069264069264069,0.44155844155844154,2,0.47368421052631576,0.0,0.4009027931993674,46
Yugoslavia,68,134,79,25,41,10,17,1.9705882352941178,1.161764705882353,0.8088235294117647,0.36764705882352944,0.6029411764705882,2,0.0,0.0,0.4008744502324853,47
Honduras,309,510,363,104,139,68,102,1.6504854368932038,1.174757281553398,0.47572815533980584,0.3365695792880259,0.44983818770226536,3,0.42857142857142855,0.0,0.3905628471510517,48
Ukraine,209,297,219,82,96,56,57,1.4210526315789473,1.0478468899521531,0.37320574162679426,0.3923444976076555,0.45933014354066987,1,0.4864864864864865,0.0,0.3872463470769281,49
Turkey,283,422,368,98,122,62,99,1.4911660777385158,1.3003533568904593,0.19081272084805653,0.3462897526501767,0.43109540636042404,1,0.6176470588235294,0.0,0.3771007928204948,50
Republic of Ireland,292,401,282,121,118,95,79,1.3732876712328768,0.9657534246575342,0.4075342465753425,0.4143835616438356,0.4041095890410959,3,0.39285714285714285,0.0,0.37585156837882266,51
Qatar,380,583,413,140,168,92,120,1.5342105263157895,1.0868421052631578,0.4473684210526316,0.3684210526315789,0.4421052631578947,1,0.42857142857142855,0.0,0.3728788063440002,52
Slovakia,219,321,256,74,98,42,79,1.4657534246575343,1.1689497716894977,0.2968036529680365,0.3378995433789954,0.4474885844748858,1,0.5294117647058824,0.0,0.3671219143215379,53
Trinidad and Tobago,323,568,414,98,148,63,112,1.758513931888545,1.2817337461300309,0.47678018575851394,0.30340557275541796,0.4582043343653251,1,0.41935483870967744,0.0,0.3668425700870598,54
Jamaica,308,461,343,113,139,68,101,1.4967532467532467,1.1136363636363635,0.38311688311688313,0.36688311688311687,0.4512987012987013,1,0.4146341463414634,0.0,0.36465645867631113,55
Czechoslovakia,75,128,68,30,35,23,17,1.7066666666666668,0.9066666666666666,0.8,0.4,0.4666666666666667,2,0.0,0.0,0.35114061836411614,56
North Korea,262,423,287,105,115,69,78,1.6145038167938932,1.0954198473282444,0.5190839694656488,0.40076335877862596,0.4389312977099237,1,0.2,0.0,0.34722731036993937,57
Kuwait,357,582,389,129,157,81,119,1.6302521008403361,1.0896358543417366,0.5406162464985994,0.36134453781512604,0.43977591036414565,1,0.2571428571428571,0.0,0.3464398993674639,58
United Arab Emirates,384,561,444,139,164,89,131,1.4609375,1.15625,0.3046875,0.3619791666666667,0.4270833333333333,1,0.35,0.0,0.33219654953087935,59
Hungary,270,392,376,88,110,58,102,1.451851851851852,1.3925925925925926,0.05925925925925926,0.32592592592592595,0.4074074074074074,3,0.3870967741935484,0.0,0.31673918082015706,60
Bosnia and Herzegovina,190,289,260,60,78,39,73,1.5210526315789474,1.368421052631579,0.15263157894736842,0.3157894736842105,0.4105263157894737,1,0.3548387096774194,0.0,0.3006470176830033,61
Panama,247,328,331,75,92,60,95,1.3279352226720649,1.3400809716599191,-0.012145748987854251,0.30364372469635625,0.3724696356275304,1,0.55,0.0,0.29888828068897877,62
Wales,266,339,324,94,104,60,102,1.2744360902255638,1.218045112781955,0.05639097744360902,0.3533834586466165,0.39097744360902253,1,0.4,0.0,0.2952048023839989,63
Angola,266,319,268,94,97,87,82,1.199248120300752,1.0075187969924813,0.19172932330827067,0.3533834586466165,0.36466165413533835,1,0.4117647058823529,0.0,0.29504522058503063,64
Slovenia,216,272,250,73,79,60,77,1.2592592592592593,1.1574074074074074,0.10185185185185185,0.33796296296296297,0.36574074074074076,2,0.3235294117647059,0.0,0.2760468906906455,65
Paraguay,291,323,349,98,99,90,102,1.1099656357388317,1.1993127147766323,-0.08934707903780069,0.33676975945017185,0.3402061855670103,5,0.3076923076923077,0.0,0.26580827040920907,66
Ecuador,246,294,307,77,83,61,102,1.1951219512195121,1.2479674796747968,-0.052845528455284556,0.3130081300813008,0.33739837398373984,4,0.3333333333333333,0.0,0.2601347283934013,67
El Salvador,272,363,344,84,104,57,111,1.3345588235294117,1.2647058823529411,0.06985294117647059,0.3088235294117647,0.38235294117647056,1,0.2857142857142857,0.0,0.25484456585430143,68
Chile,288,380,355,92,107,66,115,1.3194444444444444,1.2326388888888888,0.08680555555555555,0.3194444444444444,0.3715277777777778,4,0.1111111111111111,0.0,0.2459513658242219,69
Bulgaria,265,336,363,80,97,66,102,1.2679245283018867,1.369811320754717,-0.1018867924528302,0.3018867924528302,0.3660377358490566,3,0.2,0.0,0.22828060542020528,70
Northern Ireland,276,270,343,92,84,70,122,0.9782608695652174,1.2427536231884058,-0.2644927536231884,0.3333333333333333,0.30434782608695654,2,0.35714285714285715,0.0,0.2131102779394104,71
Togo,231,244,297,70,72,60,99,1.0562770562770563,1.2857142857142858,-0.22943722943722944,0.30303030303030304,0.3116883116883117,1,0.15,0.0,0.15779892394090017,72
Peru,284,281,404,75,76,79,129,0.9894366197183099,1.4225352112676057,-0.43309859154929575,0.2640845070422535,0.2676056338028169,3,0.15384615384615385,0.0,0.12560601269158517,73
Iceland,265,297,437,63,75,50,140,1.120754716981132,1.649056603773585,-0.5283018867924528,0.23773584905660378,0.2830188679245283,1,0.25,0.0,0.12324861833852818,74
Bolivia,257,256,457,51,54,60,143,0.9961089494163424,1.7782101167315174,-0.7821011673151751,0.19844357976653695,0.21011673151750973,1,0.25,0.0,0.05458053386287982,75
