TEAM,matches_played,goals_scored,goals_conceded,clean_sheets,wins,draws,losses,goals_per_game,goals_conceded_per_game,goal_diff_per_game,cleansheet_pct,win_rate,wc_appearances,confederation,recent_win_rate,wc2022_stage,conf_multiplier,composite_score,rank,Flag,Team with Flag
Spain,181,425,127,97,132,30,19,2.348066298342541,0.7016574585635359,1.6464088397790055,0.5359116022099447,0.7292817679558011,5,UEFA,0.6976744186046512,2.0,1.0,0.8187642292516775,1,🇪🇸,🇪🇸 Spain
England,164,373,104,95,105,37,22,2.274390243902439,0.6341463414634146,1.6402439024390243,0.5792682926829268,0.6402439024390244,5,UEFA,0.625,3.0,1.0,0.7950407617641199,2,🏴󠁧󠁢󠁥󠁮󠁧󠁿,🏴󠁧󠁢󠁥󠁮󠁧󠁿 England
Argentina,165,270,130,79,95,42,28,1.6036363636363635,0.7878787878787878,0.8315151515151515,0.4692121212121212,0.5642424242424243,5,CONMEBOL,0.6944444444444444,7.0,0.98,0.7690695987179039,3,🇦🇷,🇦🇷 Argentina
France,167,308,130,79,102,40,25,1.844311377245509,0.7784431137724551,1.065868263473054,0.4730538922155688,0.6107784431137725,5,UEFA,0.6046511627906976,6.0,1.0,0.7555808010930836,4,🇫🇷,🇫🇷 France
Portugal,181,370,146,87,111,43,27,2.044198895027624,0.8066298342541437,1.2375690607734806,0.4806629834254143,0.6132596685082873,5,UEFA,0.6818181818181818,3.0,1.0,0.7248439420376938,5,🇵🇹,🇵🇹 Portugal
Netherlands,163,367,144,73,107,26,30,2.251533742331288,0.8834355828220859,1.3680981595092023,0.4478527607361963,0.656441717791411,4,UEFA,0.5813953488372093,3.0,1.0,0.6902825403899462,6,🇳🇱,🇳🇱 Netherlands
Germany,170,440,153,72,118,27,25,2.588235294117647,0.9,1.688235294117647,0.4235294117647059,0.6941176470588235,5,UEFA,0.5,1.0,1.0,0.6648824622996322,7,🇩🇪,🇩🇪 Germany
Brazil,151,285,107,77,91,37,23,1.8496688741721847,0.7086092715231788,1.1552317880794702,0.4997350993377484,0.5905960264900662,5,CONMEBOL,0.46875,3.0,0.98,0.6262960046109373,8,🇧🇷,🇧🇷 Brazil
Morocco,133,223,84,76,76,33,24,1.4754887218045114,0.631578947368421,0.9196992481203008,0.5028571428571428,0.5028571428571428,2,CAF,0.7021276595744681,4.0,0.88,0.6109800146223897,9,🇲🇦,🇲🇦 Morocco
Croatia,170,295,162,73,92,41,37,1.7352941176470589,0.9529411764705882,0.7823529411764706,0.4294117647058823,0.5411764705882353,4,UEFA,0.5227272727272727,5.0,1.0,0.6037276309823334,10,🇭🇷,🇭🇷 Croatia
Japan,204,433,163,103,121,44,39,1.6980392156862747,0.7990196078431373,1.0588235294117647,0.403921568627451,0.4745098039215686,5,AFC,0.6923076923076923,2.0,0.8,0.5730453541452809,11,🇯🇵,🇯🇵 Japan
Belgium,155,342,149,67,95,24,36,2.206451612903226,0.9612903225806452,1.2451612903225806,0.432258064516129,0.6129032258064516,3,UEFA,0.4864864864864865,1.0,1.0,0.5414806771117262,12,🇧🇪,🇧🇪 Belgium
Iran,154,294,98,87,94,41,19,1.5272727272727271,0.6363636363636364,1.0181818181818183,0.451948051948052,0.4883116883116883,4,AFC,0.6470588235294118,1.0,0.8,0.5228021932148127,13,🇮🇷,🇮🇷 Iran
Australia,152,291,123,71,86,35,31,1.5315789473684212,0.8092105263157895,0.8842105263157896,0.3736842105263158,0.4526315789473684,5,AFC,0.6176470588235294,2.0,0.8,0.5019471804148411,14,🇦🇺,🇦🇺 Australia
Senegal,148,249,108,74,86,39,23,1.4805405405405403,0.7297297297297297,0.8383783783783784,0.44,0.5113513513513513,2,CAF,0.6382978723404256,2.0,0.88,0.5007676310699315,15,🇸🇳,🇸🇳 Senegal
South Korea,151,268,115,75,83,44,24,1.4198675496688742,0.7615894039735099,0.8105960264900663,0.3973509933774835,0.4397350993377484,5,AFC,0.5757575757575758,2.0,0.8,0.480470758330594,16,🇰🇷,🇰🇷 South Korea
Mexico,190,327,163,88,112,36,42,1.4112631578947368,0.8578947368421053,0.7077894736842105,0.3797894736842105,0.4833684210526315,5,CONCACAF,0.631578947368421,1.0,0.82,0.4787356798998898,17,🇲🇽,🇲🇽 Mexico
Ivory Coast,156,288,124,77,91,39,26,1.6246153846153848,0.7948717948717948,0.9251282051282051,0.4343589743589743,0.5133333333333334,3,CAF,0.631578947368421,0.0,0.88,0.4726519739494964,18,🇨🇮,🇨🇮 Ivory Coast
United States,175,348,165,76,107,26,42,1.630628571428571,0.9428571428571428,0.8574857142857143,0.3561142857142856,0.5013714285714286,4,CONCACAF,0.5384615384615384,2.0,0.82,0.4702088549150042,19,🇺🇸,🇺🇸 United States
Switzerland,142,245,139,60,71,41,30,1.7253521126760565,0.9788732394366196,0.7464788732394366,0.4225352112676056,0.5,5,UEFA,0.4054054054054054,2.0,1.0,0.4694784462231578,20,🇨🇭,🇨🇭 Switzerland
Algeria,150,279,138,63,85,32,33,1.6368,0.92,0.8271999999999999,0.3696,0.4986666666666666,2,CAF,0.6410256410256411,0.0,0.88,0.4158569030796741,21,🇩🇿,🇩🇿 Algeria
Egypt,163,270,121,80,97,36,30,1.4576687116564415,0.7423312883435583,0.8044171779141105,0.4319018404907975,0.523680981595092,1,CAF,0.5531914893617021,0.0,0.88,0.3899062270489301,22,🇪🇬,🇪🇬 Egypt
Tunisia,164,254,131,74,85,44,35,1.3629268292682928,0.7987804878048781,0.66,0.3970731707317073,0.4560975609756098,3,CAF,0.5227272727272727,1.0,0.88,0.3876876766525149,23,🇹🇳,🇹🇳 Tunisia
Norway,122,215,128,45,62,26,34,1.7622950819672132,1.0491803278688523,0.7131147540983607,0.3688524590163934,0.5081967213114754,0,UEFA,0.6428571428571429,0.0,1.0,0.3823115802086517,24,🇳🇴,🇳🇴 Norway
Uruguay,153,224,158,65,66,44,43,1.434771241830065,1.0326797385620916,0.4227450980392157,0.4163398692810457,0.4227450980392157,4,CONMEBOL,0.4838709677419355,1.0,0.98,0.3791299005282837,25,🇺🇾,🇺🇾 Uruguay
New Zealand,71,141,65,36,41,11,19,1.48943661971831,0.9154929577464788,0.8028169014084506,0.380281690140845,0.4330985915492957,1,OFC,0.6818181818181818,0.0,0.75,0.3767762088927019,26,🇳🇿,🇳🇿 New Zealand
Uzbekistan,128,234,109,63,74,23,31,1.4625,0.8515625,0.78125,0.39375,0.4625,0,AFC,0.65625,0.0,0.8,0.3635394699650167,27,🇺🇿,🇺🇿 Uzbekistan
Turkey,139,234,163,50,69,31,39,1.683453237410072,1.1726618705035972,0.5107913669064749,0.3597122302158273,0.4964028776978417,0,UEFA,0.6176470588235294,0.0,1.0,0.3481046222914931,28,🇹🇷,🇹🇷 Turkey
Ghana,156,237,132,67,81,35,40,1.3369230769230769,0.8461538461538461,0.5923076923076923,0.3779487179487179,0.456923076923077,4,CAF,0.3611111111111111,1.0,0.88,0.3327945686568852,29,🇬🇭,🇬🇭 Ghana
Canada,120,233,114,56,61,26,33,1.5921666666666665,0.95,0.8131666666666666,0.3826666666666666,0.4168333333333333,1,CONCACAF,0.4736842105263157,1.0,0.82,0.326876528287691,30,🇨🇦,🇨🇦 Canada
Sweden,150,254,162,61,74,28,48,1.6933333333333334,1.08,0.6133333333333333,0.4066666666666667,0.4933333333333333,2,UEFA,0.3571428571428571,0.0,1.0,0.3149829464616013,31,🇸🇪,🇸🇪 Sweden
Colombia,134,167,122,65,58,40,36,1.2213432835820894,0.9104477611940298,0.3291044776119403,0.4753731343283582,0.4241791044776119,2,CONMEBOL,0.4642857142857143,0.0,0.98,0.312840786762585,32,🇨🇴,🇨🇴 Colombia
Austria,125,211,142,39,62,23,40,1.688,1.136,0.552,0.312,0.496,0,UEFA,0.5142857142857142,0.0,1.0,0.2892031694378843,33,🇦🇹,🇦🇹 Austria
Czech Republic,140,214,147,55,68,28,44,1.5285714285714285,1.05,0.4785714285714286,0.3928571428571428,0.4857142857142857,1,UEFA,0.40625,0.0,1.0,0.286951234342348,34,🇨🇿,🇨🇿 Czech Republic
Jordan,136,220,126,60,66,32,38,1.2941176470588236,0.9264705882352942,0.5529411764705883,0.3529411764705882,0.388235294117647,0,AFC,0.6470588235294118,0.0,0.8,0.2863211491472034,35,🇯🇴,🇯🇴 Jordan
Saudi Arabia,182,278,173,78,89,39,54,1.221978021978022,0.9505494505494504,0.4615384615384615,0.3428571428571428,0.3912087912087912,3,AFC,0.4444444444444444,1.0,0.8,0.2854520680247209,36,🇸🇦,🇸🇦 Saudi Arabia
Scotland,130,196,153,47,63,24,43,1.5076923076923077,1.176923076923077,0.3307692307692307,0.3615384615384615,0.4846153846153846,0,UEFA,0.5,0.0,1.0,0.2789558458027492,37,🏴󠁧󠁢󠁳󠁣󠁴󠁿,🏴󠁧󠁢󠁳󠁣󠁴󠁿 Scotland
Haiti,124,238,147,39,60,26,38,1.5738709677419354,1.185483870967742,0.6017741935483871,0.2579032258064516,0.3967741935483871,0,CONCACAF,0.5833333333333334,0.0,0.82,0.2421173988398405,38,🇭🇹,🇭🇹 Haiti
DR Congo,131,198,122,51,61,37,33,1.330076335877863,0.931297709923664,0.5105343511450381,0.3425954198473282,0.4097709923664122,0,CAF,0.5142857142857142,0.0,0.88,0.2407225865111981,39,🇨🇩,🇨🇩 DR Congo
South Africa,162,213,132,73,69,58,35,1.157037037037037,0.8148148148148148,0.44,0.3965432098765432,0.3748148148148148,1,CAF,0.4615384615384615,0.0,0.88,0.2355306500169162,40,🇿🇦,🇿🇦 South Africa
Qatar,175,283,193,71,83,34,58,1.2937142857142858,1.1028571428571428,0.4114285714285714,0.3245714285714285,0.3794285714285714,1,AFC,0.4285714285714285,1.0,0.8,0.2276505767784085,41,🇶🇦,🇶🇦 Qatar
Panama,158,241,178,55,71,42,45,1.250759493670886,1.1265822784810129,0.3269620253164557,0.2854430379746835,0.3684810126582278,1,CONCACAF,0.55,0.0,0.82,0.2155447739976761,42,🇵🇦,🇵🇦 Panama
Iraq,186,238,167,77,82,55,49,1.0236559139784946,0.8978494623655914,0.3053763440860215,0.3311827956989248,0.3526881720430108,0,AFC,0.5652173913043478,0.0,0.8,0.200168517139215,43,🇮🇶,🇮🇶 Iraq
Cape Verde,108,124,108,42,47,26,35,1.0103703703703704,1.0,0.1303703703703703,0.3422222222222222,0.3829629629629629,0,CAF,0.5151515151515151,0.0,0.88,0.1898771341250719,44,🇨🇻,🇨🇻 Cape Verde
Ecuador,124,149,146,41,41,36,47,1.1775806451612902,1.1774193548387095,0.0237096774193548,0.3240322580645161,0.3240322580645161,3,CONMEBOL,0.3333333333333333,1.0,0.98,0.1795554223025396,45,🇪🇨,🇪🇨 Ecuador
Bosnia and Herzegovina,133,217,188,38,55,27,51,1.631578947368421,1.413533834586466,0.2180451127819548,0.2857142857142857,0.4135338345864661,1,UEFA,0.3548387096774194,0.0,1.0,0.179289033321482,46,🇧🇦,🇧🇦 Bosnia and Herzegovina
Curacao,98,171,135,30,35,22,41,1.4308163265306122,1.3775510204081634,0.3012244897959183,0.2510204081632653,0.2928571428571428,0,CONCACAF,0.4,0.0,0.82,0.0988333118416132,47,🇨🇼,🇨🇼 Curacao
Paraguay,133,130,166,44,38,43,52,0.9578947368421052,1.2481203007518795,-0.2652631578947368,0.3242105263157894,0.2799999999999999,2,CONMEBOL,0.3076923076923077,0.0,0.98,0.0734458140954782,48,🇵🇾,🇵🇾 Paraguay
